Total,CS2,deathrate,logCS2
29,49.06,0.069,3.893044039
30,52.99,0.233,3.970103217
28,56.91,0.329,4.041471073
27,60.84,0.519,4.108247467
30,64.76,0.767,4.170688129
31,68.69,0.936,4.229603628
30,72.61,0.967,4.285102653
29,76.54,1,4.33781348
