Total,CS2,deathrate,logCS2
30,49.06,0.133,3.893044039
30,52.99,0.2,3.970103217
34,56.91,0.265,4.041471073
29,60.84,0.483,4.108247467
33,64.76,0.879,4.170688129
28,68.69,0.857,4.229603628
32,72.61,1,4.285102653
